{"cameraMode":{"drawMode":0,"name":"Shaded","section":"Shading Mode"},"sceneLighting":false,"audioPlay":false,"sceneViewState":{"showFog":true,"showMaterialUpdate":true,"showSkybox":true,"showFlares":true,"showImageEffects":true,"showParticleSystems":true},"in2DMode":false,"pivot":{"x":39.60334777832031,"y":-46.29218292236328,"z":-5.408829689025879},"rotation":{"x":0.33960995078086855,"y":-0.4006609320640564,"z":0.1648969054222107,"w":0.8351831436157227},"size":19.749605178833009,"orthographic":false}