{"cameraMode":{"drawMode":0,"name":"Shaded","section":"Shading Mode"},"sceneLighting":false,"audioPlay":false,"sceneViewState":{"showFog":true,"showMaterialUpdate":false,"showSkybox":false,"showFlares":true,"showImageEffects":true,"showParticleSystems":true},"in2DMode":false,"pivot":{"x":0.7813920974731445,"y":-0.06953763961791992,"z":-0.04627275466918945},"rotation":{"x":0.23829956352710725,"y":0.3958739638328552,"z":-0.10718756169080734,"w":0.8805589079856873},"size":3.899099588394165,"orthographic":false}