{"cameraMode":{"drawMode":0,"name":"Shaded","section":"Shading Mode"},"sceneLighting":false,"audioPlay":false,"sceneViewState":{"showFog":true,"showMaterialUpdate":true,"showSkybox":false,"showFlares":true,"showImageEffects":true,"showParticleSystems":true},"in2DMode":false,"pivot":{"x":1.053182601928711,"y":0.5493793487548828,"z":-2.9466614723205568},"rotation":{"x":0.16053909063339234,"y":-0.829116940498352,"z":0.30132150650024416,"w":0.4434165954589844},"size":24.953445434570314,"orthographic":false}