{"cameraMode":{"drawMode":0,"name":"Shaded","section":"Shading Mode"},"sceneLighting":false,"audioPlay":false,"sceneViewState":{"showFog":true,"showMaterialUpdate":true,"showSkybox":false,"showFlares":true,"showImageEffects":true,"showParticleSystems":true},"in2DMode":false,"pivot":{"x":735.2261352539063,"y":18.41050910949707,"z":458.9124755859375},"rotation":{"x":-0.2190389186143875,"y":-0.24544236063957215,"z":0.05701238662004471,"w":-0.9426417946815491},"size":29.49562644958496,"orthographic":false}