{"cameraMode":{"drawMode":0,"name":"Shaded","section":"Shading Mode"},"sceneLighting":false,"audioPlay":false,"sceneViewState":{"showFog":true,"showMaterialUpdate":true,"showSkybox":false,"showFlares":true,"showImageEffects":true,"showParticleSystems":true},"in2DMode":false,"pivot":{"x":-4.76837158203125e-7,"y":0.00009059906005859375,"z":-5.000001907348633},"rotation":{"x":0.08632786571979523,"y":0.9045657515525818,"z":-0.21838869154453278,"w":0.3563048839569092},"size":37.07066345214844,"orthographic":false}