{"cameraMode":{"drawMode":0,"name":"Shaded","section":"Shading Mode"},"sceneLighting":false,"audioPlay":false,"sceneViewState":{"showFog":true,"showMaterialUpdate":true,"showSkybox":false,"showFlares":true,"showImageEffects":true,"showParticleSystems":true},"in2DMode":false,"pivot":{"x":0.06000000238418579,"y":1.0,"z":17.170000076293947},"rotation":{"x":0.30014768242836,"y":0.6352238059043884,"z":-0.29426103830337527,"w":0.6479308605194092},"size":3.0312438011169435,"orthographic":false}