{"cameraMode":{"drawMode":0,"name":"Shaded","section":"Shading Mode"},"sceneLighting":false,"audioPlay":false,"sceneViewState":{"showFog":true,"showMaterialUpdate":true,"showSkybox":true,"showFlares":true,"showImageEffects":true,"showParticleSystems":true},"in2DMode":false,"pivot":{"x":38.38627243041992,"y":-58.834632873535159,"z":-22.984561920166017},"rotation":{"x":0.23338551819324494,"y":-0.008674344047904015,"z":0.0013009984977543355,"w":0.97258061170578},"size":35.91575622558594,"orthographic":false}