{"cameraMode":{"drawMode":0,"name":"Shaded","section":"Shading Mode"},"sceneLighting":false,"audioPlay":false,"sceneViewState":{"showFog":true,"showMaterialUpdate":true,"showSkybox":true,"showFlares":true,"showImageEffects":true,"showParticleSystems":true},"in2DMode":false,"pivot":{"x":-1.8436142206192017,"y":1.2699689865112305,"z":8.928616523742676},"rotation":{"x":-0.30170050263404848,"y":0.10467863082885742,"z":-0.03336210548877716,"w":-0.9470705389976502},"size":8.906454086303711,"orthographic":false}