{"cameraMode":{"drawMode":0,"name":"Shaded","section":"Shading Mode"},"sceneLighting":false,"audioPlay":false,"sceneViewState":{"showFog":true,"showMaterialUpdate":true,"showSkybox":false,"showFlares":true,"showImageEffects":true,"showParticleSystems":true},"in2DMode":false,"pivot":{"x":-1.0189653635025025,"y":0.12858343124389649,"z":17.453699111938478},"rotation":{"x":0.17070519924163819,"y":-0.743482232093811,"z":0.2072196751832962,"w":0.6125094890594482},"size":3.1287806034088136,"orthographic":false}