{"cameraMode":{"drawMode":0,"name":"Shaded","section":"Shading Mode"},"sceneLighting":true,"audioPlay":false,"sceneViewState":{"showFog":true,"showMaterialUpdate":true,"showSkybox":false,"showFlares":true,"showImageEffects":true,"showParticleSystems":true},"in2DMode":false,"pivot":{"x":51.319053649902347,"y":8.481463432312012,"z":-32.51947021484375},"rotation":{"x":0.11913978308439255,"y":0.8739542961120606,"z":-0.26920953392982485,"w":0.3868027329444885},"size":581.8402099609375,"orthographic":false}