{"cameraMode":{"drawMode":0,"name":"Shaded","section":"Shading Mode"},"sceneLighting":false,"audioPlay":false,"sceneViewState":{"showFog":true,"showMaterialUpdate":true,"showSkybox":false,"showFlares":true,"showImageEffects":true,"showParticleSystems":true},"in2DMode":false,"pivot":{"x":2.306267738342285,"y":0.22035503387451173,"z":31.460079193115236},"rotation":{"x":0.010815287940204144,"y":-0.0067963930778205399,"z":0.00041485970723442733,"w":1.0001541376113892},"size":6.704355716705322,"orthographic":false}