{"cameraMode":{"drawMode":0,"name":"Shaded","section":"Shading Mode"},"sceneLighting":false,"audioPlay":false,"sceneViewState":{"showFog":true,"showMaterialUpdate":false,"showSkybox":false,"showFlares":true,"showImageEffects":true,"showParticleSystems":true},"in2DMode":false,"pivot":{"x":0.008446317166090012,"y":-0.07333067059516907,"z":-0.018963992595672609},"rotation":{"x":0.2985106408596039,"y":0.09884597361087799,"z":-0.031125610694289209,"w":0.9488281607627869},"size":1.5936506986618043,"orthographic":false}