{"cameraMode":{"drawMode":0,"name":"Shaded","section":"Shading Mode"},"sceneLighting":false,"audioPlay":false,"sceneViewState":{"showFog":true,"showMaterialUpdate":true,"showSkybox":false,"showFlares":true,"showImageEffects":true,"showParticleSystems":true},"in2DMode":false,"pivot":{"x":629.899169921875,"y":17.01897430419922,"z":670.562255859375},"rotation":{"x":-0.2611761689186096,"y":-0.022896070033311845,"z":0.006179388612508774,"w":-0.96502286195755},"size":19.37269401550293,"orthographic":false}