{"cameraMode":{"drawMode":0,"name":"Shaded","section":"Shading Mode"},"sceneLighting":false,"audioPlay":false,"sceneViewState":{"showFog":true,"showMaterialUpdate":true,"showSkybox":false,"showFlares":true,"showImageEffects":true,"showParticleSystems":true},"in2DMode":false,"pivot":{"x":12.586000442504883,"y":-66.39111328125,"z":10.062167167663575},"rotation":{"x":-0.034025855362415317,"y":0.9470195770263672,"z":-0.30082476139068606,"w":-0.10919888317584992},"size":0.9966784715652466,"orthographic":false}