{"cameraMode":{"drawMode":0,"name":"Shaded","section":"Shading Mode"},"sceneLighting":false,"audioPlay":false,"sceneViewState":{"showFog":true,"showMaterialUpdate":true,"showSkybox":false,"showFlares":true,"showImageEffects":true,"showParticleSystems":true},"in2DMode":false,"pivot":{"x":-7.950429916381836,"y":0.05026465654373169,"z":28.16815948486328},"rotation":{"x":0.1549849659204483,"y":-0.3093241751194,"z":0.050820086151361468,"w":0.9370178580284119},"size":2.0335683822631838,"orthographic":false}