{"cameraMode":{"drawMode":0,"name":"Shaded","section":"Shading Mode"},"sceneLighting":false,"audioPlay":false,"sceneViewState":{"showFog":true,"showMaterialUpdate":true,"showSkybox":false,"showFlares":true,"showImageEffects":true,"showParticleSystems":true},"in2DMode":false,"pivot":{"x":12.143444061279297,"y":-66.75663757324219,"z":10.881007194519043},"rotation":{"x":-0.16107314825057984,"y":0.8082718849182129,"z":-0.25970691442489626,"w":-0.5037142634391785},"size":3.3966782093048097,"orthographic":false}