{"cameraMode":{"drawMode":0,"name":"Shaded","section":"Shading Mode"},"sceneLighting":false,"audioPlay":false,"sceneViewState":{"showFog":true,"showMaterialUpdate":true,"showSkybox":false,"showFlares":true,"showImageEffects":true,"showParticleSystems":true},"in2DMode":false,"pivot":{"x":16.172710418701173,"y":-66.51558685302735,"z":10.513301849365235},"rotation":{"x":-0.04701007157564163,"y":0.9351649284362793,"z":-0.3235537111759186,"w":-0.1378178894519806},"size":3.6700823307037355,"orthographic":false}