{"cameraMode":{"drawMode":0,"name":"Shaded","section":"Shading Mode"},"sceneLighting":true,"audioPlay":false,"sceneViewState":{"showFog":true,"showMaterialUpdate":true,"showSkybox":true,"showFlares":true,"showImageEffects":true,"showParticleSystems":true},"in2DMode":false,"pivot":{"x":-5.840945243835449,"y":0.03133755922317505,"z":14.317404747009278},"rotation":{"x":-0.24821266531944276,"y":-0.20531891286373139,"z":0.05390336364507675,"w":-0.9451676607131958},"size":2.228780508041382,"orthographic":false}