{"cameraMode":{"drawMode":0,"name":"Shaded","section":"Shading Mode"},"sceneLighting":true,"audioPlay":false,"sceneViewState":{"showFog":true,"showMaterialUpdate":false,"showSkybox":false,"showFlares":true,"showImageEffects":true,"showParticleSystems":true},"in2DMode":false,"pivot":{"x":509.5,"y":381.8601989746094,"z":0.609795093536377},"rotation":{"x":-0.08032193779945374,"y":-0.9116721153259277,"z":0.21473707258701325,"w":-0.34122201800346377},"size":2122.868408203125,"orthographic":false}