{"cameraMode":{"drawMode":0,"name":"Shaded","section":"Shading Mode"},"sceneLighting":true,"audioPlay":false,"sceneViewState":{"showFog":true,"showMaterialUpdate":true,"showSkybox":true,"showFlares":true,"showImageEffects":true,"showParticleSystems":true},"in2DMode":false,"pivot":{"x":19.05449676513672,"y":-0.36489665508270266,"z":-18.093996047973634},"rotation":{"x":0.17884108424186707,"y":0.6021679639816284,"z":-0.1411440521478653,"w":0.7653622031211853},"size":2.65073561668396,"orthographic":false}