{"cameraMode":{"drawMode":0,"name":"Shaded","section":"Shading Mode"},"sceneLighting":true,"audioPlay":false,"sceneViewState":{"showFog":true,"showMaterialUpdate":false,"showSkybox":false,"showFlares":true,"showImageEffects":true,"showParticleSystems":true},"in2DMode":false,"pivot":{"x":0.016401290893554689,"y":-0.6286799311637878,"z":0.26225441694259646},"rotation":{"x":0.1956522911787033,"y":-0.539143979549408,"z":0.13036490976810456,"w":0.8088310956954956},"size":3.2834582328796388,"orthographic":false}