{"cameraMode":{"drawMode":0,"name":"Shaded","section":"Shading Mode"},"sceneLighting":false,"audioPlay":false,"sceneViewState":{"showFog":true,"showMaterialUpdate":true,"showSkybox":true,"showFlares":true,"showImageEffects":true,"showParticleSystems":true},"in2DMode":false,"pivot":{"x":36.36614227294922,"y":-5.567958831787109,"z":31.20191764831543},"rotation":{"x":0.30067136883735659,"y":0.4876711666584015,"z":-0.18357200920581819,"w":0.7988208532333374},"size":49.910621643066409,"orthographic":false}