{"cameraMode":{"drawMode":0,"name":"Shaded","section":"Shading Mode"},"sceneLighting":false,"audioPlay":false,"sceneViewState":{"showFog":true,"showMaterialUpdate":true,"showSkybox":false,"showFlares":true,"showImageEffects":true,"showParticleSystems":true},"in2DMode":false,"pivot":{"x":12.517012596130371,"y":1.4539999961853028,"z":20.313549041748048},"rotation":{"x":-0.14838677644729615,"y":0.8028261661529541,"z":-0.2234271913766861,"w":-0.5327117443084717},"size":3.136939287185669,"orthographic":false}