{"cameraMode":{"drawMode":0,"name":"Shaded","section":"Shading Mode"},"sceneLighting":true,"audioPlay":false,"sceneViewState":{"showFog":true,"showMaterialUpdate":true,"showSkybox":true,"showFlares":true,"showImageEffects":true,"showParticleSystems":true},"in2DMode":false,"pivot":{"x":-41.210472106933597,"y":-0.8006200790405273,"z":2.7368006706237795},"rotation":{"x":-0.06030425801873207,"y":-0.7197753190994263,"z":0.06299342960119248,"w":-0.6888318061828613},"size":2.572603464126587,"orthographic":false}