{"cameraMode":{"drawMode":0,"name":"Shaded","section":"Shading Mode"},"sceneLighting":true,"audioPlay":false,"sceneViewState":{"showFog":true,"showMaterialUpdate":false,"showSkybox":false,"showFlares":true,"showImageEffects":true,"showParticleSystems":true},"in2DMode":false,"pivot":{"x":483.7530822753906,"y":334.79400634765627,"z":427.52362060546877},"rotation":{"x":-0.08120342344045639,"y":0.02325921505689621,"z":-0.0018574034329503775,"w":-0.9964960217475891},"size":1312.663330078125,"orthographic":false}