{"cameraMode":{"drawMode":0,"name":"Shaded","section":"Shading Mode"},"sceneLighting":false,"audioPlay":false,"sceneViewState":{"showFog":true,"showMaterialUpdate":true,"showSkybox":false,"showFlares":true,"showImageEffects":true,"showParticleSystems":true},"in2DMode":false,"pivot":{"x":-0.8699173927307129,"y":0.24057352542877198,"z":0.06525778770446778},"rotation":{"x":-0.19251878559589387,"y":-0.040857944637537,"z":0.007535601034760475,"w":-0.9807467460632324},"size":1.5873024463653565,"orthographic":false}