{"cameraMode":{"drawMode":0,"name":"Shaded","section":"Shading Mode"},"sceneLighting":false,"audioPlay":false,"sceneViewState":{"showFog":true,"showMaterialUpdate":true,"showSkybox":false,"showFlares":true,"showImageEffects":true,"showParticleSystems":true},"in2DMode":false,"pivot":{"x":-26.25931739807129,"y":2.0498287677764894,"z":-0.33396339416503909},"rotation":{"x":-0.0007820951286703348,"y":-0.9996122717857361,"z":-0.032682232558727267,"w":0.02053828537464142},"size":1.5200283527374268,"orthographic":false}