{"cameraMode":{"drawMode":0,"name":"Shaded","section":"Shading Mode"},"sceneLighting":false,"audioPlay":false,"sceneViewState":{"showFog":true,"showMaterialUpdate":true,"showSkybox":false,"showFlares":true,"showImageEffects":true,"showParticleSystems":true},"in2DMode":false,"pivot":{"x":5.164000034332275,"y":0.4750000238418579,"z":-0.1120000034570694},"rotation":{"x":0.01734316535294056,"y":-0.9014185667037964,"z":0.0369468629360199,"w":0.4315612018108368},"size":1.905077338218689,"orthographic":false}