{"cameraMode":{"drawMode":0,"name":"Shaded","section":"Shading Mode"},"sceneLighting":false,"audioPlay":false,"sceneViewState":{"showFog":true,"showMaterialUpdate":true,"showSkybox":false,"showFlares":true,"showImageEffects":true,"showParticleSystems":true},"in2DMode":false,"pivot":{"x":-0.05494105815887451,"y":-0.1299227476119995,"z":0.6572620868682861},"rotation":{"x":-0.17006815969944,"y":0.7239779829978943,"z":-0.19265484809875489,"w":-0.6406535506248474},"size":1.6061999797821046,"orthographic":false}