{"cameraMode":{"drawMode":0,"name":"Shaded","section":"Shading Mode"},"sceneLighting":false,"audioPlay":false,"sceneViewState":{"showFog":true,"showMaterialUpdate":true,"showSkybox":true,"showFlares":true,"showImageEffects":true,"showParticleSystems":true},"in2DMode":false,"pivot":{"x":20.577911376953126,"y":-59.00764465332031,"z":-32.12018585205078},"rotation":{"x":0.13730114698410035,"y":0.8446112275123596,"z":-0.44813135266304018,"w":0.25877219438552859},"size":114.29449462890625,"orthographic":false}