{"cameraMode":{"drawMode":0,"name":"Shaded","section":"Shading Mode"},"sceneLighting":false,"audioPlay":false,"sceneViewState":{"showFog":true,"showMaterialUpdate":false,"showSkybox":false,"showFlares":true,"showImageEffects":true,"showParticleSystems":true},"in2DMode":false,"pivot":{"x":9.313225746154786e-10,"y":-0.0013201087713241578,"z":-0.0010668449103832245},"rotation":{"x":0.2985106408596039,"y":0.09884597361087799,"z":-0.031125610694289209,"w":0.9488281607627869},"size":0.2210230529308319,"orthographic":false}