{"cameraMode":{"drawMode":0,"name":"Shaded","section":"Shading Mode"},"sceneLighting":false,"audioPlay":false,"sceneViewState":{"showFog":true,"showMaterialUpdate":true,"showSkybox":false,"showFlares":true,"showImageEffects":true,"showParticleSystems":true},"in2DMode":false,"pivot":{"x":0.000003337860107421875,"y":1.2653634548187256,"z":5.960464477539063e-8},"rotation":{"x":-0.31677132844924929,"y":0.1572570949792862,"z":-0.053286947309970859,"w":-0.9339090585708618},"size":6.439908504486084,"orthographic":false}