{"cameraMode":{"drawMode":0,"name":"Shaded","section":"Shading Mode"},"sceneLighting":true,"audioPlay":false,"sceneViewState":{"showFog":true,"showMaterialUpdate":true,"showSkybox":false,"showFlares":true,"showImageEffects":true,"showParticleSystems":true},"in2DMode":false,"pivot":{"x":526.1500244140625,"y":377.0,"z":0.39999961853027346},"rotation":{"x":0.0767248123884201,"y":-0.028273656964302064,"z":0.0024193180724978449,"w":0.9969614744186401},"size":2206.592529296875,"orthographic":false}