{"cameraMode":{"drawMode":0,"name":"Shaded","section":"Shading Mode"},"sceneLighting":false,"audioPlay":false,"sceneViewState":{"showFog":true,"showMaterialUpdate":false,"showSkybox":false,"showFlares":true,"showImageEffects":true,"showParticleSystems":true},"in2DMode":false,"pivot":{"x":1.0383796933410849e-7,"y":1.6268079280853272,"z":-0.013799645006656647},"rotation":{"x":0.002626045374199748,"y":-0.9973989725112915,"z":0.05422135442495346,"w":0.04851974546909332},"size":22.0,"orthographic":false}