{"cameraMode":{"drawMode":0,"name":"Shaded","section":"Shading Mode"},"sceneLighting":false,"audioPlay":false,"sceneViewState":{"showFog":true,"showMaterialUpdate":true,"showSkybox":true,"showFlares":true,"showImageEffects":true,"showParticleSystems":true},"in2DMode":false,"pivot":{"x":142.64263916015626,"y":21.5633544921875,"z":59.56333923339844},"rotation":{"x":-0.39188647270202639,"y":-0.12369552999734879,"z":0.053094055503606799,"w":-0.9103056192398071},"size":318.7470703125,"orthographic":false}