{"cameraMode":{"drawMode":0,"name":"Shaded","section":"Shading Mode"},"sceneLighting":false,"audioPlay":false,"sceneViewState":{"showFog":true,"showMaterialUpdate":false,"showSkybox":false,"showFlares":true,"showImageEffects":true,"showParticleSystems":true},"in2DMode":false,"pivot":{"x":27.751056671142579,"y":0.8093546628952026,"z":0.12030753493309021},"rotation":{"x":0.005317944101989269,"y":0.9849574565887451,"z":-0.1704152226448059,"w":0.03247884288430214},"size":0.3772321343421936,"orthographic":false}