{"cameraMode":{"drawMode":0,"name":"Shaded","section":"Shading Mode"},"sceneLighting":false,"audioPlay":false,"sceneViewState":{"showFog":true,"showMaterialUpdate":false,"showSkybox":false,"showFlares":true,"showImageEffects":true,"showParticleSystems":true},"in2DMode":false,"pivot":{"x":8.940696716308594e-7,"y":0.44564270973205569,"z":16.350000381469728},"rotation":{"x":-0.13599368929862977,"y":0.7501050233840942,"z":-0.16227707266807557,"w":-0.6267207860946655},"size":5.161457538604736,"orthographic":false}