{"cameraMode":{"drawMode":0,"name":"Shaded","section":"Shading Mode"},"sceneLighting":false,"audioPlay":false,"sceneViewState":{"showFog":true,"showMaterialUpdate":true,"showSkybox":false,"showFlares":true,"showImageEffects":true,"showParticleSystems":true},"in2DMode":false,"pivot":{"x":-25.701396942138673,"y":102.86249542236328,"z":3.2663559913635256},"rotation":{"x":0.09357134997844696,"y":-0.8566724061965942,"z":0.47958415746688845,"w":0.16755156219005586},"size":7.729038715362549,"orthographic":false}