{"cameraMode":{"drawMode":0,"name":"Shaded","section":"Shading Mode"},"sceneLighting":true,"audioPlay":false,"sceneViewState":{"showFog":true,"showMaterialUpdate":true,"showSkybox":false,"showFlares":true,"showImageEffects":true,"showParticleSystems":true},"in2DMode":false,"pivot":{"x":202.85458374023438,"y":4.331508636474609,"z":-1.5856480598449708},"rotation":{"x":-0.26623204350471499,"y":-0.3244243264198303,"z":0.09568510204553604,"w":-0.9026590585708618},"size":7.596161365509033,"orthographic":false}