{"cameraMode":{"drawMode":0,"name":"Shaded","section":"Shading Mode"},"sceneLighting":false,"audioPlay":false,"sceneViewState":{"showFog":true,"showMaterialUpdate":false,"showSkybox":false,"showFlares":true,"showImageEffects":true,"showParticleSystems":true},"in2DMode":false,"pivot":{"x":-0.6873569488525391,"y":-2.536672592163086,"z":7.89189338684082},"rotation":{"x":-0.15618450939655305,"y":0.7695299386978149,"z":-0.20579037070274354,"w":-0.5840281248092651},"size":32.49168395996094,"orthographic":false}