{"cameraMode":{"drawMode":0,"name":"Shaded","section":"Shading Mode"},"sceneLighting":false,"audioPlay":false,"sceneViewState":{"showFog":true,"showMaterialUpdate":true,"showSkybox":false,"showFlares":true,"showImageEffects":true,"showParticleSystems":true},"in2DMode":false,"pivot":{"x":154.07325744628907,"y":23.449722290039064,"z":642.8519897460938},"rotation":{"x":-0.2611761689186096,"y":-0.022896070033311845,"z":0.006179388612508774,"w":-0.96502286195755},"size":71.14707946777344,"orthographic":false}