{"cameraMode":{"drawMode":0,"name":"Shaded","section":"Shading Mode"},"sceneLighting":false,"audioPlay":false,"sceneViewState":{"showFog":true,"showMaterialUpdate":true,"showSkybox":false,"showFlares":true,"showImageEffects":true,"showParticleSystems":true},"in2DMode":false,"pivot":{"x":8.219836235046387,"y":2.11201548576355,"z":4.920000076293945},"rotation":{"x":-0.14976248145103455,"y":0.016197167336940767,"z":-0.0025090849958360197,"w":-0.9888104200363159},"size":4.462218284606934,"orthographic":false}