{"cameraMode":{"drawMode":0,"name":"Shaded","section":"Shading Mode"},"sceneLighting":false,"audioPlay":false,"sceneViewState":{"showFog":true,"showMaterialUpdate":true,"showSkybox":false,"showFlares":true,"showImageEffects":true,"showParticleSystems":true},"in2DMode":false,"pivot":{"x":-0.3625383973121643,"y":0.6120963096618652,"z":31.460079193115236},"rotation":{"x":0.046791303902864459,"y":-0.02176346816122532,"z":0.0013374302070587874,"w":0.9989002346992493},"size":6.704355716705322,"orthographic":false}