{"cameraMode":{"drawMode":0,"name":"Shaded","section":"Shading Mode"},"sceneLighting":false,"audioPlay":false,"sceneViewState":{"showFog":true,"showMaterialUpdate":true,"showSkybox":false,"showFlares":true,"showImageEffects":true,"showParticleSystems":true},"in2DMode":false,"pivot":{"x":502.54779052734377,"y":386.8764343261719,"z":36.43682861328125},"rotation":{"x":-0.08573427051305771,"y":-0.006737089715898037,"z":0.00023465884441975504,"w":-0.9965940117835999},"size":888.5521850585938,"orthographic":false}