{"cameraMode":{"drawMode":0,"name":"Shaded","section":"Shading Mode"},"sceneLighting":false,"audioPlay":false,"sceneViewState":{"showFog":true,"showMaterialUpdate":true,"showSkybox":false,"showFlares":true,"showImageEffects":true,"showParticleSystems":true},"in2DMode":false,"pivot":{"x":11.048261642456055,"y":-66.20952606201172,"z":13.761487007141114},"rotation":{"x":-0.16236050426959992,"y":0.8209530711174011,"z":-0.28705066442489626,"w":-0.4665916860103607},"size":2.4525604248046877,"orthographic":false}