{"cameraMode":{"drawMode":0,"name":"Shaded","section":"Shading Mode"},"sceneLighting":true,"audioPlay":false,"sceneViewState":{"showFog":true,"showMaterialUpdate":true,"showSkybox":false,"showFlares":true,"showImageEffects":true,"showParticleSystems":true},"in2DMode":false,"pivot":{"x":5.011541843414307,"y":9.281234741210938,"z":19.602481842041017},"rotation":{"x":0.455401211977005,"y":0.00455446494743228,"z":-0.0023502076510339977,"w":0.8903158903121948},"size":101.15206146240235,"orthographic":false}