{"cameraMode":{"drawMode":0,"name":"Shaded","section":"Shading Mode"},"sceneLighting":false,"audioPlay":false,"sceneViewState":{"showFog":true,"showMaterialUpdate":false,"showSkybox":false,"showFlares":true,"showImageEffects":true,"showParticleSystems":true},"in2DMode":false,"pivot":{"x":0.00002830103039741516,"y":-0.02234809659421444,"z":0.016558736562728883},"rotation":{"x":0.2985106408596039,"y":0.09884597361087799,"z":-0.031125610694289209,"w":0.9488281607627869},"size":0.4441172182559967,"orthographic":false}