{"cameraMode":{"drawMode":0,"name":"Shaded","section":"Shading Mode"},"sceneLighting":false,"audioPlay":false,"sceneViewState":{"showFog":true,"showMaterialUpdate":false,"showSkybox":false,"showFlares":true,"showImageEffects":true,"showParticleSystems":true},"in2DMode":false,"pivot":{"x":27.5897159576416,"y":0.26778119802474978,"z":0.3203284740447998},"rotation":{"x":-0.005677232518792152,"y":0.9850028157234192,"z":-0.1704036295413971,"w":-0.03107442334294319},"size":1.5772321224212647,"orthographic":false}