{"cameraMode":{"drawMode":0,"name":"Shaded","section":"Shading Mode"},"sceneLighting":false,"audioPlay":false,"sceneViewState":{"showFog":true,"showMaterialUpdate":true,"showSkybox":true,"showFlares":true,"showImageEffects":true,"showParticleSystems":true},"in2DMode":false,"pivot":{"x":9.699379920959473,"y":-68.41963958740235,"z":18.769113540649415},"rotation":{"x":-0.3692067861557007,"y":0.3118804693222046,"z":-0.13386762142181397,"w":-0.8654073476791382},"size":6.621472358703613,"orthographic":false}