{"cameraMode":{"drawMode":0,"name":"Shaded","section":"Shading Mode"},"sceneLighting":false,"audioPlay":false,"sceneViewState":{"showFog":true,"showMaterialUpdate":true,"showSkybox":false,"showFlares":true,"showImageEffects":true,"showParticleSystems":true},"in2DMode":false,"pivot":{"x":-1.949338674545288,"y":-0.4551970958709717,"z":-0.305941104888916},"rotation":{"x":0.3424012064933777,"y":-0.21969816088676454,"z":0.08333618938922882,"w":0.9100719094276428},"size":6.236849784851074,"orthographic":false}