{"cameraMode":{"drawMode":0,"name":"Shaded","section":"Shading Mode"},"sceneLighting":false,"audioPlay":false,"sceneViewState":{"showFog":true,"showMaterialUpdate":true,"showSkybox":false,"showFlares":true,"showImageEffects":true,"showParticleSystems":true},"in2DMode":false,"pivot":{"x":14.12649917602539,"y":5.226156234741211,"z":15.521980285644532},"rotation":{"x":-0.07030127197504044,"y":0.870697021484375,"z":-0.13021034002304078,"w":-0.46929842233657839},"size":6.962265491485596,"orthographic":false}