{"cameraMode":{"drawMode":0,"name":"Shaded","section":"Shading Mode"},"sceneLighting":false,"audioPlay":false,"sceneViewState":{"showFog":true,"showMaterialUpdate":true,"showSkybox":false,"showFlares":true,"showImageEffects":true,"showParticleSystems":true},"in2DMode":false,"pivot":{"x":-0.44210106134414675,"y":0.23305615782737733,"z":-0.08124136924743653},"rotation":{"x":-0.22320863604545594,"y":-0.24943077564239503,"z":0.05867679417133331,"w":-0.9408364295959473},"size":0.9873024821281433,"orthographic":false}