{"cameraMode":{"drawMode":0,"name":"Shaded","section":"Shading Mode"},"sceneLighting":false,"audioPlay":false,"sceneViewState":{"showFog":true,"showMaterialUpdate":false,"showSkybox":false,"showFlares":true,"showImageEffects":true,"showParticleSystems":true},"in2DMode":false,"pivot":{"x":0.242950439453125,"y":5.058757781982422,"z":8.741434097290039},"rotation":{"x":0.009378229267895222,"y":0.9680240750312805,"z":-0.24801233410835267,"w":0.03660980239510536},"size":23.301565170288087,"orthographic":false}