{"cameraMode":{"drawMode":0,"name":"Shaded","section":"Shading Mode"},"sceneLighting":false,"audioPlay":false,"sceneViewState":{"showFog":true,"showMaterialUpdate":true,"showSkybox":false,"showFlares":true,"showImageEffects":true,"showParticleSystems":true},"in2DMode":false,"pivot":{"x":-0.5877048969268799,"y":-83.33380889892578,"z":-0.39668941497802737},"rotation":{"x":-0.1549413949251175,"y":0.8258724808692932,"z":-0.27493178844451907,"w":-0.46772974729537966},"size":4.669820785522461,"orthographic":false}