{"cameraMode":{"drawMode":0,"name":"Shaded","section":"Shading Mode"},"sceneLighting":false,"audioPlay":false,"sceneViewState":{"showFog":true,"showMaterialUpdate":true,"showSkybox":false,"showFlares":true,"showImageEffects":true,"showParticleSystems":true},"in2DMode":false,"pivot":{"x":-0.5149978399276733,"y":-0.02416050434112549,"z":17.401992797851564},"rotation":{"x":0.2811638116836548,"y":-0.5371651649475098,"z":0.19597285985946656,"w":0.7707198262214661},"size":1.9287807941436768,"orthographic":false}