{"cameraMode":{"drawMode":0,"name":"Shaded","section":"Shading Mode"},"sceneLighting":false,"audioPlay":false,"sceneViewState":{"showFog":true,"showMaterialUpdate":false,"showSkybox":false,"showFlares":true,"showImageEffects":true,"showParticleSystems":true},"in2DMode":false,"pivot":{"x":-0.000001430511474609375,"y":1.1920928955078126e-7,"z":-0.0004999637603759766},"rotation":{"x":0.34028583765029909,"y":0.2316635400056839,"z":-0.08700211346149445,"w":0.9073871970176697},"size":10.312134742736817,"orthographic":false}