{"cameraMode":{"drawMode":0,"name":"Shaded","section":"Shading Mode"},"sceneLighting":false,"audioPlay":false,"sceneViewState":{"showFog":true,"showMaterialUpdate":true,"showSkybox":true,"showFlares":true,"showImageEffects":true,"showParticleSystems":true},"in2DMode":false,"pivot":{"x":-10.99005126953125,"y":-77.0627212524414,"z":0.8529586791992188},"rotation":{"x":0.3288532793521881,"y":0.4211578071117401,"z":-0.16472293436527253,"w":0.8294894099235535},"size":263.92462158203127,"orthographic":false}