{"cameraMode":{"drawMode":0,"name":"Shaded","section":"Shading Mode"},"sceneLighting":false,"audioPlay":false,"sceneViewState":{"showFog":true,"showMaterialUpdate":true,"showSkybox":true,"showFlares":true,"showImageEffects":true,"showParticleSystems":true},"in2DMode":false,"pivot":{"x":10.167194366455079,"y":5.973503112792969,"z":2.538058280944824},"rotation":{"x":-0.3566686511039734,"y":-0.5812565684318543,"z":0.31378820538520815,"w":-0.6607180237770081},"size":46.94562530517578,"orthographic":false}