{"cameraMode":{"drawMode":0,"name":"Shaded","section":"Shading Mode"},"sceneLighting":false,"audioPlay":false,"sceneViewState":{"showFog":true,"showMaterialUpdate":true,"showSkybox":false,"showFlares":true,"showImageEffects":true,"showParticleSystems":true},"in2DMode":false,"pivot":{"x":0.20671021938323975,"y":0.8402519226074219,"z":5.577498912811279},"rotation":{"x":0.01734316535294056,"y":-0.9014185667037964,"z":0.0369468629360199,"w":0.4315612018108368},"size":3.4569008350372316,"orthographic":false}