{"cameraMode":{"drawMode":0,"name":"Shaded","section":"Shading Mode"},"sceneLighting":true,"audioPlay":false,"sceneViewState":{"showFog":true,"showMaterialUpdate":true,"showSkybox":true,"showFlares":true,"showImageEffects":true,"showParticleSystems":true},"in2DMode":false,"pivot":{"x":0.08000004291534424,"y":0.44564270973205569,"z":26.770000457763673},"rotation":{"x":-0.12921158969402314,"y":0.8135582804679871,"z":-0.19823043048381806,"w":-0.531744122505188},"size":5.479217052459717,"orthographic":false}