{"cameraMode":{"drawMode":0,"name":"Shaded","section":"Shading Mode"},"sceneLighting":false,"audioPlay":false,"sceneViewState":{"showFog":true,"showMaterialUpdate":true,"showSkybox":false,"showFlares":true,"showImageEffects":true,"showParticleSystems":true},"in2DMode":false,"pivot":{"x":21.291000366210939,"y":0.4399999976158142,"z":10.868083953857422},"rotation":{"x":-0.16236050426959992,"y":0.8209530711174011,"z":-0.28705066442489626,"w":-0.4665916860103607},"size":3.6535661220550539,"orthographic":false}