{"cameraMode":{"drawMode":0,"name":"Shaded","section":"Shading Mode"},"sceneLighting":true,"audioPlay":false,"sceneViewState":{"showFog":true,"showMaterialUpdate":true,"showSkybox":true,"showFlares":true,"showImageEffects":true,"showParticleSystems":true},"in2DMode":false,"pivot":{"x":43.8028450012207,"y":4.206637382507324,"z":7.885596752166748},"rotation":{"x":0.19775645434856416,"y":-0.6013952493667603,"z":0.15663911402225495,"w":0.7582223415374756},"size":18.149049758911134,"orthographic":false}