{"cameraMode":{"drawMode":0,"name":"Shaded","section":"Shading Mode"},"sceneLighting":false,"audioPlay":false,"sceneViewState":{"showFog":true,"showMaterialUpdate":true,"showSkybox":false,"showFlares":true,"showImageEffects":true,"showParticleSystems":true},"in2DMode":false,"pivot":{"x":-7.865332126617432,"y":-0.35124099254608157,"z":-7.534697532653809},"rotation":{"x":-0.059251368045806888,"y":0.9317052364349365,"z":-0.3116624653339386,"w":-0.17708326876163484},"size":2.2957730293273927,"orthographic":false}