{"cameraMode":{"drawMode":0,"name":"Shaded","section":"Shading Mode"},"sceneLighting":false,"audioPlay":false,"sceneViewState":{"showFog":true,"showMaterialUpdate":true,"showSkybox":false,"showFlares":true,"showImageEffects":true,"showParticleSystems":true},"in2DMode":false,"pivot":{"x":0.1230478286743164,"y":-2.6468582153320314,"z":3.697294235229492},"rotation":{"x":-0.23033811151981355,"y":0.05903060734272003,"z":-0.014355604536831379,"w":-0.9715183973312378},"size":22.0,"orthographic":false}