{"cameraMode":{"drawMode":0,"name":"Shaded","section":"Shading Mode"},"sceneLighting":true,"audioPlay":false,"sceneViewState":{"showFog":true,"showMaterialUpdate":true,"showSkybox":true,"showFlares":true,"showImageEffects":true,"showParticleSystems":true},"in2DMode":false,"pivot":{"x":0.5068166255950928,"y":-0.2495795488357544,"z":-0.07910704612731934},"rotation":{"x":0.10183724761009217,"y":0.8407748937606812,"z":-0.17039969563484193,"w":0.5039416551589966},"size":8.79258918762207,"orthographic":false}