{"cameraMode":{"drawMode":0,"name":"Shaded","section":"Shading Mode"},"sceneLighting":false,"audioPlay":false,"sceneViewState":{"showFog":true,"showMaterialUpdate":true,"showSkybox":false,"showFlares":true,"showImageEffects":true,"showParticleSystems":true},"in2DMode":false,"pivot":{"x":508.3616943359375,"y":17.819019317626954,"z":632.0513305664063},"rotation":{"x":-0.2611761689186096,"y":-0.022896070033311845,"z":0.006179388612508774,"w":-0.96502286195755},"size":19.37274169921875,"orthographic":false}