{"cameraMode":{"drawMode":0,"name":"Shaded","section":"Shading Mode"},"sceneLighting":true,"audioPlay":false,"sceneViewState":{"showFog":true,"showMaterialUpdate":true,"showSkybox":true,"showFlares":true,"showImageEffects":true,"showParticleSystems":true},"in2DMode":false,"pivot":{"x":-9.732878684997559,"y":18.72097396850586,"z":-26.293659210205079},"rotation":{"x":-0.2684769630432129,"y":-0.0023170504719018938,"z":0.0006354381912387908,"w":-0.9632909297943115},"size":21.888893127441408,"orthographic":false}