{"cameraMode":{"drawMode":0,"name":"Shaded","section":"Shading Mode"},"sceneLighting":false,"audioPlay":false,"sceneViewState":{"showFog":true,"showMaterialUpdate":true,"showSkybox":false,"showFlares":true,"showImageEffects":true,"showParticleSystems":true},"in2DMode":false,"pivot":{"x":-26.0,"y":6.870857238769531,"z":1.944000244140625},"rotation":{"x":-0.1549413949251175,"y":0.8258724808692932,"z":-0.27493178844451907,"w":-0.46772974729537966},"size":200.05186462402345,"orthographic":false}