{"cameraMode":{"drawMode":0,"name":"Shaded","section":"Shading Mode"},"sceneLighting":false,"audioPlay":false,"sceneViewState":{"showFog":true,"showMaterialUpdate":false,"showSkybox":false,"showFlares":true,"showImageEffects":true,"showParticleSystems":true},"in2DMode":false,"pivot":{"x":4.576837539672852,"y":-1.8186287879943848,"z":5.70443868637085},"rotation":{"x":-0.1518152803182602,"y":0.7687085270881653,"z":-0.1981753557920456,"w":-0.5888755917549133},"size":17.763633728027345,"orthographic":false}