{"cameraMode":{"drawMode":0,"name":"Shaded","section":"Shading Mode"},"sceneLighting":false,"audioPlay":false,"sceneViewState":{"showFog":true,"showMaterialUpdate":true,"showSkybox":false,"showFlares":true,"showImageEffects":true,"showParticleSystems":true},"in2DMode":false,"pivot":{"x":14.03746509552002,"y":3.195225954055786,"z":19.13117027282715},"rotation":{"x":-0.2161640077829361,"y":0.6761156320571899,"z":-0.21800142526626588,"w":-0.6699755191802979},"size":6.962265491485596,"orthographic":false}