{"cameraMode":{"drawMode":0,"name":"Shaded","section":"Shading Mode"},"sceneLighting":false,"audioPlay":false,"sceneViewState":{"showFog":true,"showMaterialUpdate":false,"showSkybox":false,"showFlares":true,"showImageEffects":true,"showParticleSystems":true},"in2DMode":false,"pivot":{"x":0.31980979442596438,"y":1.1920928955078126e-7,"z":0.3198099136352539},"rotation":{"x":-0.0011996866669505835,"y":0.9776426553726196,"z":-0.210227370262146,"w":-0.005571833811700344},"size":7.519289493560791,"orthographic":false}