{"cameraMode":{"drawMode":0,"name":"Shaded","section":"Shading Mode"},"sceneLighting":true,"audioPlay":false,"sceneViewState":{"showFog":true,"showMaterialUpdate":true,"showSkybox":true,"showFlares":true,"showImageEffects":true,"showParticleSystems":true},"in2DMode":false,"pivot":{"x":17.047679901123048,"y":3.7655389308929445,"z":11.537469863891602},"rotation":{"x":0.09120771288871765,"y":-0.06304338574409485,"z":0.005669002886861563,"w":0.9939202666282654},"size":9.115999221801758,"orthographic":false}