{"cameraMode":{"drawMode":0,"name":"Shaded","section":"Shading Mode"},"sceneLighting":false,"audioPlay":false,"sceneViewState":{"showFog":true,"showMaterialUpdate":true,"showSkybox":false,"showFlares":true,"showImageEffects":true,"showParticleSystems":true},"in2DMode":false,"pivot":{"x":-27.297992706298829,"y":-0.7135257720947266,"z":0.5868681073188782},"rotation":{"x":0.2817785143852234,"y":-0.702495813369751,"z":0.5423827767372131,"w":0.3655596077442169},"size":5.746033191680908,"orthographic":false}