{"cameraMode":{"drawMode":0,"name":"Shaded","section":"Shading Mode"},"sceneLighting":false,"audioPlay":false,"sceneViewState":{"showFog":true,"showMaterialUpdate":false,"showSkybox":false,"showFlares":true,"showImageEffects":true,"showParticleSystems":true},"in2DMode":false,"pivot":{"x":9.5367431640625e-7,"y":0.09200000017881394,"z":-0.09200000762939453},"rotation":{"x":0.03994334116578102,"y":0.9599849581718445,"z":-0.20191501080989839,"w":0.1899065375328064},"size":23.340715408325197,"orthographic":false}