{"cameraMode":{"drawMode":0,"name":"Shaded","section":"Shading Mode"},"sceneLighting":false,"audioPlay":false,"sceneViewState":{"showFog":true,"showMaterialUpdate":false,"showSkybox":false,"showFlares":true,"showImageEffects":true,"showParticleSystems":true},"in2DMode":false,"pivot":{"x":28.25737953186035,"y":-3.4271392822265627,"z":3.611288070678711},"rotation":{"x":0.04781614989042282,"y":0.911141574382782,"z":-0.3942243158817291,"w":0.11129250377416611},"size":24.3453369140625,"orthographic":false}