{"cameraMode":{"drawMode":0,"name":"Shaded","section":"Shading Mode"},"sceneLighting":false,"audioPlay":false,"sceneViewState":{"showFog":true,"showMaterialUpdate":true,"showSkybox":false,"showFlares":true,"showImageEffects":true,"showParticleSystems":true},"in2DMode":false,"pivot":{"x":17.41195297241211,"y":0.011336177587509156,"z":17.26999855041504},"rotation":{"x":0.18475237488746644,"y":0.3198036253452301,"z":-0.06414922326803208,"w":0.9272343516349793},"size":2.2428767681121828,"orthographic":false}