{"cameraMode":{"drawMode":0,"name":"Shaded","section":"Shading Mode"},"sceneLighting":false,"audioPlay":false,"sceneViewState":{"showFog":true,"showMaterialUpdate":true,"showSkybox":false,"showFlares":true,"showImageEffects":true,"showParticleSystems":true},"in2DMode":false,"pivot":{"x":-2.3664963245391847,"y":2.11299991607666,"z":-2.4635322093963625},"rotation":{"x":0.10348670184612274,"y":0.28860780596733096,"z":-0.03137832134962082,"w":0.9516808390617371},"size":4.0211029052734379,"orthographic":false}