{"cameraMode":{"drawMode":0,"name":"Shaded","section":"Shading Mode"},"sceneLighting":false,"audioPlay":false,"sceneViewState":{"showFog":true,"showMaterialUpdate":true,"showSkybox":false,"showFlares":true,"showImageEffects":true,"showParticleSystems":true},"in2DMode":false,"pivot":{"x":1.9332284927368165,"y":2.1086511611938478,"z":3.233856201171875},"rotation":{"x":0.01734316535294056,"y":-0.9014185667037964,"z":0.0369468629360199,"w":0.4315612018108368},"size":6.704355716705322,"orthographic":false}