{"cameraMode":{"drawMode":0,"name":"Shaded","section":"Shading Mode"},"sceneLighting":false,"audioPlay":false,"sceneViewState":{"showFog":true,"showMaterialUpdate":true,"showSkybox":false,"showFlares":true,"showImageEffects":true,"showParticleSystems":true},"in2DMode":false,"pivot":{"x":-0.2460273653268814,"y":0.5453233122825623,"z":16.87259864807129},"rotation":{"x":0.00223918491974473,"y":-0.9977062344551086,"z":0.05273856967687607,"w":0.0425352118909359},"size":2.8287806510925295,"orthographic":false}