{"cameraMode":{"drawMode":0,"name":"Shaded","section":"Shading Mode"},"sceneLighting":false,"audioPlay":false,"sceneViewState":{"showFog":true,"showMaterialUpdate":true,"showSkybox":false,"showFlares":true,"showImageEffects":true,"showParticleSystems":true},"in2DMode":false,"pivot":{"x":55.3499870300293,"y":-146.758544921875,"z":39.22919464111328},"rotation":{"x":0.18829001486301423,"y":0.7095495462417603,"z":-0.2049914449453354,"w":0.6477060914039612},"size":18.879663467407228,"orthographic":false}