{"cameraMode":{"drawMode":0,"name":"Shaded","section":"Shading Mode"},"sceneLighting":true,"audioPlay":false,"sceneViewState":{"showFog":true,"showMaterialUpdate":true,"showSkybox":false,"showFlares":true,"showImageEffects":true,"showParticleSystems":true},"in2DMode":false,"pivot":{"x":534.2000732421875,"y":381.8601989746094,"z":6.884897232055664},"rotation":{"x":-0.10340529680252075,"y":0.892865002155304,"z":-0.3514227569103241,"w":-0.26238879561424258},"size":2175.301025390625,"orthographic":false}