{"cameraMode":{"drawMode":0,"name":"Shaded","section":"Shading Mode"},"sceneLighting":false,"audioPlay":false,"sceneViewState":{"showFog":true,"showMaterialUpdate":false,"showSkybox":false,"showFlares":true,"showImageEffects":true,"showParticleSystems":true},"in2DMode":false,"pivot":{"x":4.000417709350586,"y":4.818202018737793,"z":8.296878814697266},"rotation":{"x":-0.009603533893823624,"y":0.9679908752441406,"z":-0.24800369143486024,"w":-0.037478942424058917},"size":25.342939376831056,"orthographic":false}