{"cameraMode":{"drawMode":0,"name":"Shaded","section":"Shading Mode"},"sceneLighting":false,"audioPlay":false,"sceneViewState":{"showFog":true,"showMaterialUpdate":true,"showSkybox":false,"showFlares":true,"showImageEffects":true,"showParticleSystems":true},"in2DMode":false,"pivot":{"x":16.07953643798828,"y":-66.52174377441406,"z":10.35580825805664},"rotation":{"x":-0.1939326822757721,"y":0.7612712979316711,"z":-0.2649829685688019,"w":-0.5595208406448364},"size":3.070082664489746,"orthographic":false}