{"cameraMode":{"drawMode":0,"name":"Shaded","section":"Shading Mode"},"sceneLighting":false,"audioPlay":false,"sceneViewState":{"showFog":true,"showMaterialUpdate":true,"showSkybox":false,"showFlares":true,"showImageEffects":true,"showParticleSystems":true},"in2DMode":false,"pivot":{"x":-1.222536563873291,"y":-0.96244215965271,"z":-0.26076453924179079},"rotation":{"x":0.19634848833084107,"y":-0.7795417904853821,"z":0.29801857471466067,"w":0.5153306722640991},"size":11.365706443786621,"orthographic":false}