{"cameraMode":{"drawMode":0,"name":"Shaded","section":"Shading Mode"},"sceneLighting":false,"audioPlay":false,"sceneViewState":{"showFog":true,"showMaterialUpdate":true,"showSkybox":true,"showFlares":true,"showImageEffects":true,"showParticleSystems":true},"in2DMode":false,"pivot":{"x":0.11984026432037354,"y":-65.95545959472656,"z":-3.255462408065796},"rotation":{"x":0.03482512757182121,"y":-0.9607543349266052,"z":0.21607622504234315,"w":0.17320218682289124},"size":2.990281581878662,"orthographic":false}