{"cameraMode":{"drawMode":0,"name":"Shaded","section":"Shading Mode"},"sceneLighting":false,"audioPlay":false,"sceneViewState":{"showFog":true,"showMaterialUpdate":true,"showSkybox":false,"showFlares":true,"showImageEffects":true,"showParticleSystems":true},"in2DMode":false,"pivot":{"x":-0.3971531391143799,"y":0.8618142008781433,"z":-0.8504120707511902},"rotation":{"x":-0.2728999853134155,"y":-0.0011090397601947189,"z":-0.00008776614413363859,"w":-0.9623779058456421},"size":4.230848789215088,"orthographic":false}