{"cameraMode":{"drawMode":0,"name":"Shaded","section":"Shading Mode"},"sceneLighting":false,"audioPlay":false,"sceneViewState":{"showFog":true,"showMaterialUpdate":true,"showSkybox":true,"showFlares":true,"showImageEffects":true,"showParticleSystems":true},"in2DMode":false,"pivot":{"x":9.912748336791993,"y":-67.20763397216797,"z":12.506731986999512},"rotation":{"x":-0.16236050426959992,"y":0.8209530711174011,"z":-0.28705066442489626,"w":-0.4665916860103607},"size":6.021471977233887,"orthographic":false}