{"cameraMode":{"drawMode":0,"name":"Shaded","section":"Shading Mode"},"sceneLighting":true,"audioPlay":false,"sceneViewState":{"showFog":true,"showMaterialUpdate":false,"showSkybox":true,"showFlares":true,"showImageEffects":true,"showParticleSystems":true},"in2DMode":false,"pivot":{"x":1.4158046245574952,"y":0.7190690040588379,"z":2.8980937004089357},"rotation":{"x":0.05862875655293465,"y":-0.9151408672332764,"z":0.14422032237052918,"w":0.3720148205757141},"size":5.4984893798828129,"orthographic":false}