{"cameraMode":{"drawMode":0,"name":"Shaded","section":"Shading Mode"},"sceneLighting":false,"audioPlay":false,"sceneViewState":{"showFog":true,"showMaterialUpdate":true,"showSkybox":false,"showFlares":true,"showImageEffects":true,"showParticleSystems":true},"in2DMode":false,"pivot":{"x":-17.65115737915039,"y":-0.18723773956298829,"z":18.150497436523439},"rotation":{"x":0.18071551620960236,"y":-0.4060821831226349,"z":0.08224457502365112,"w":0.8923650979995728},"size":2.1177525520324709,"orthographic":false}