{"cameraMode":{"drawMode":0,"name":"Shaded","section":"Shading Mode"},"sceneLighting":false,"audioPlay":false,"sceneViewState":{"showFog":true,"showMaterialUpdate":true,"showSkybox":false,"showFlares":true,"showImageEffects":true,"showParticleSystems":true},"in2DMode":false,"pivot":{"x":-26.886943817138673,"y":0.8534076809883118,"z":0.30447816848754885},"rotation":{"x":0.018888026475906373,"y":-0.980272114276886,"z":0.1620446890592575,"w":0.11477039754390717},"size":3.0166726112365724,"orthographic":false}