{"cameraMode":{"drawMode":0,"name":"Shaded","section":"Shading Mode"},"sceneLighting":false,"audioPlay":false,"sceneViewState":{"showFog":true,"showMaterialUpdate":false,"showSkybox":false,"showFlares":true,"showImageEffects":true,"showParticleSystems":true},"in2DMode":false,"pivot":{"x":0.01396942138671875,"y":-0.0000019073486328125,"z":-0.0000019073486328125},"rotation":{"x":-0.01836535893380642,"y":0.702406108379364,"z":-0.018130455166101457,"w":-0.7113144397735596},"size":48.060699462890628,"orthographic":false}