{"cameraMode":{"drawMode":0,"name":"Shaded","section":"Shading Mode"},"sceneLighting":false,"audioPlay":false,"sceneViewState":{"showFog":true,"showMaterialUpdate":true,"showSkybox":false,"showFlares":true,"showImageEffects":true,"showParticleSystems":true},"in2DMode":false,"pivot":{"x":-0.11908620595932007,"y":-0.02053666114807129,"z":-1.1243513822555543},"rotation":{"x":-0.07241915166378021,"y":-0.9079539775848389,"z":0.37506332993507388,"w":-0.17422839999198914},"size":0.6157568693161011,"orthographic":false}