{"cameraMode":{"drawMode":0,"name":"Shaded","section":"Shading Mode"},"sceneLighting":false,"audioPlay":false,"sceneViewState":{"showFog":true,"showMaterialUpdate":true,"showSkybox":false,"showFlares":true,"showImageEffects":true,"showParticleSystems":true},"in2DMode":false,"pivot":{"x":-7.652932167053223,"y":-0.09109987318515778,"z":27.609224319458009},"rotation":{"x":-0.11257274448871613,"y":0.1646171659231186,"z":-0.01850060559809208,"w":-0.9798923134803772},"size":1.132583498954773,"orthographic":false}