{"cameraMode":{"drawMode":0,"name":"Shaded","section":"Shading Mode"},"sceneLighting":false,"audioPlay":false,"sceneViewState":{"showFog":true,"showMaterialUpdate":true,"showSkybox":false,"showFlares":true,"showImageEffects":true,"showParticleSystems":true},"in2DMode":false,"pivot":{"x":512.0,"y":383.5296630859375,"z":-9.639972686767579},"rotation":{"x":0.3288532793521881,"y":0.4211578071117401,"z":-0.16472293436527253,"w":0.8294894099235535},"size":2113.171142578125,"orthographic":false}