{"cameraMode":{"drawMode":0,"name":"Shaded","section":"Shading Mode"},"sceneLighting":false,"audioPlay":false,"sceneViewState":{"showFog":true,"showMaterialUpdate":false,"showSkybox":false,"showFlares":true,"showImageEffects":true,"showParticleSystems":true},"in2DMode":false,"pivot":{"x":10.61756706237793,"y":2.264354944229126,"z":1.3096277713775635},"rotation":{"x":-0.01836535893380642,"y":0.702406108379364,"z":-0.018130455166101457,"w":-0.7113144397735596},"size":2.576704263687134,"orthographic":false}