{"cameraMode":{"drawMode":0,"name":"Shaded","section":"Shading Mode"},"sceneLighting":true,"audioPlay":false,"sceneViewState":{"showFog":true,"showMaterialUpdate":false,"showSkybox":true,"showFlares":true,"showImageEffects":true,"showParticleSystems":true},"in2DMode":false,"pivot":{"x":0.3300008773803711,"y":-0.018662571907043458,"z":15.337295532226563},"rotation":{"x":-0.24530893564224244,"y":-0.14804130792617799,"z":0.038003675639629367,"w":-0.9575026035308838},"size":3.0313258171081545,"orthographic":false}