{"cameraMode":{"drawMode":0,"name":"Shaded","section":"Shading Mode"},"sceneLighting":false,"audioPlay":false,"sceneViewState":{"showFog":true,"showMaterialUpdate":true,"showSkybox":false,"showFlares":true,"showImageEffects":true,"showParticleSystems":true},"in2DMode":false,"pivot":{"x":-0.07976174354553223,"y":0.11475050449371338,"z":0.002174556255340576},"rotation":{"x":-0.07823384553194046,"y":0.919745147228241,"z":-0.23868145048618318,"w":-0.3026585876941681},"size":1.2201330661773682,"orthographic":false}