{"cameraMode":{"drawMode":0,"name":"Shaded","section":"Shading Mode"},"sceneLighting":false,"audioPlay":false,"sceneViewState":{"showFog":true,"showMaterialUpdate":true,"showSkybox":false,"showFlares":true,"showImageEffects":true,"showParticleSystems":true},"in2DMode":false,"pivot":{"x":12.31066608428955,"y":0.8268958330154419,"z":25.130077362060548},"rotation":{"x":-0.14838677644729615,"y":0.8028261661529541,"z":-0.2234271913766861,"w":-0.5327117443084717},"size":3.013533592224121,"orthographic":false}