{"cameraMode":{"drawMode":0,"name":"Shaded","section":"Shading Mode"},"sceneLighting":false,"audioPlay":false,"sceneViewState":{"showFog":true,"showMaterialUpdate":false,"showSkybox":false,"showFlares":true,"showImageEffects":true,"showParticleSystems":true},"in2DMode":false,"pivot":{"x":12.988038063049317,"y":1.0546455383300782,"z":5.468606948852539},"rotation":{"x":0.02939077839255333,"y":0.931527316570282,"z":-0.35415399074554446,"w":0.07730811834335327},"size":17.119426727294923,"orthographic":false}