{"cameraMode":{"drawMode":0,"name":"Shaded","section":"Shading Mode"},"sceneLighting":false,"audioPlay":false,"sceneViewState":{"showFog":true,"showMaterialUpdate":false,"showSkybox":false,"showFlares":true,"showImageEffects":true,"showParticleSystems":true},"in2DMode":false,"pivot":{"x":26.965925216674806,"y":0.11320148408412934,"z":0.178433358669281},"rotation":{"x":-0.06233559548854828,"y":0.9376529455184937,"z":-0.22670866549015046,"w":-0.25649335980415347},"size":1.148802399635315,"orthographic":false}