{"cameraMode":{"drawMode":0,"name":"Shaded","section":"Shading Mode"},"sceneLighting":true,"audioPlay":false,"sceneViewState":{"showFog":true,"showMaterialUpdate":true,"showSkybox":true,"showFlares":true,"showImageEffects":true,"showParticleSystems":true},"in2DMode":false,"pivot":{"x":46.8434944152832,"y":9.017295837402344,"z":20.406532287597658},"rotation":{"x":-0.3367921710014343,"y":-0.41895610094070437,"z":0.1710372418165207,"w":-0.8258231282234192},"size":84.64810943603516,"orthographic":false}