{"cameraMode":{"drawMode":0,"name":"Shaded","section":"Shading Mode"},"sceneLighting":false,"audioPlay":false,"sceneViewState":{"showFog":true,"showMaterialUpdate":true,"showSkybox":false,"showFlares":true,"showImageEffects":true,"showParticleSystems":true},"in2DMode":false,"pivot":{"x":511.99993896484377,"y":383.8881530761719,"z":14.25723934173584},"rotation":{"x":-0.11257274448871613,"y":0.1646171659231186,"z":-0.01850060559809208,"w":-0.9798923134803772},"size":2112.7451171875,"orthographic":false}