{"cameraMode":{"drawMode":0,"name":"Shaded","section":"Shading Mode"},"sceneLighting":false,"audioPlay":false,"sceneViewState":{"showFog":true,"showMaterialUpdate":true,"showSkybox":false,"showFlares":true,"showImageEffects":true,"showParticleSystems":true},"in2DMode":false,"pivot":{"x":-3.396894931793213,"y":-2.195753574371338,"z":3.401400566101074},"rotation":{"x":0.2716309130191803,"y":-0.2282058596611023,"z":0.0671825036406517,"w":0.9329025745391846},"size":12.45435619354248,"orthographic":false}