{"cameraMode":{"drawMode":0,"name":"Shaded","section":"Shading Mode"},"sceneLighting":false,"audioPlay":false,"sceneViewState":{"showFog":true,"showMaterialUpdate":false,"showSkybox":false,"showFlares":true,"showImageEffects":true,"showParticleSystems":true},"in2DMode":false,"pivot":{"x":-3.2782554626464846e-7,"y":0.0,"z":2.384185791015625e-7},"rotation":{"x":-0.0011996866669505835,"y":0.9776426553726196,"z":-0.210227370262146,"w":-0.005571833811700344},"size":8.31893253326416,"orthographic":false}