{"cameraMode":{"drawMode":0,"name":"Shaded","section":"Shading Mode"},"sceneLighting":false,"audioPlay":false,"sceneViewState":{"showFog":true,"showMaterialUpdate":false,"showSkybox":false,"showFlares":true,"showImageEffects":true,"showParticleSystems":true},"in2DMode":false,"pivot":{"x":1.62515789270401e-7,"y":-0.008117415010929108,"z":0.020111963152885438},"rotation":{"x":0.2985106408596039,"y":0.09884597361087799,"z":-0.031125610694289209,"w":0.9488281607627869},"size":0.4850822687149048,"orthographic":false}