{"cameraMode":{"drawMode":0,"name":"Shaded","section":"Shading Mode"},"sceneLighting":false,"audioPlay":false,"sceneViewState":{"showFog":true,"showMaterialUpdate":true,"showSkybox":false,"showFlares":true,"showImageEffects":true,"showParticleSystems":true},"in2DMode":false,"pivot":{"x":0.349517822265625,"y":1.4828130006790162,"z":-0.20215684175491334},"rotation":{"x":-0.11029943078756333,"y":-0.6534806489944458,"z":0.0969209298491478,"w":-0.7430282831192017},"size":4.511181831359863,"orthographic":false}