{"cameraMode":{"drawMode":0,"name":"Shaded","section":"Shading Mode"},"sceneLighting":false,"audioPlay":false,"sceneViewState":{"showFog":true,"showMaterialUpdate":true,"showSkybox":false,"showFlares":true,"showImageEffects":true,"showParticleSystems":true},"in2DMode":false,"pivot":{"x":16.323143005371095,"y":-66.36546325683594,"z":10.357247352600098},"rotation":{"x":-0.034025855362415317,"y":0.9470195770263672,"z":-0.30082476139068606,"w":-0.10919888317584992},"size":3.6700823307037355,"orthographic":false}