{"cameraMode":{"drawMode":0,"name":"Shaded","section":"Shading Mode"},"sceneLighting":false,"audioPlay":false,"sceneViewState":{"showFog":true,"showMaterialUpdate":true,"showSkybox":false,"showFlares":true,"showImageEffects":true,"showParticleSystems":true},"in2DMode":false,"pivot":{"x":0.6110302805900574,"y":0.6718142032623291,"z":-4.416815280914307},"rotation":{"x":-0.12921158969402314,"y":0.8135582804679871,"z":-0.19823043048381806,"w":-0.531744122505188},"size":4.289731025695801,"orthographic":false}