{"cameraMode":{"drawMode":0,"name":"Shaded","section":"Shading Mode"},"sceneLighting":false,"audioPlay":false,"sceneViewState":{"showFog":true,"showMaterialUpdate":true,"showSkybox":false,"showFlares":true,"showImageEffects":true,"showParticleSystems":true},"in2DMode":false,"pivot":{"x":0.1384853720664978,"y":1.0216091871261597,"z":0.2077307105064392},"rotation":{"x":0.0263944324105978,"y":-0.8743067979812622,"z":0.04746029153466225,"w":0.48302340507507326},"size":1.8656823635101319,"orthographic":false}